,avatar_url,events_url,followers_url,following_url,gists_url,gravatar_id,html_url,id,login,organizations_url,received_events_url,repos_url,site_admin,starred_url,subscriptions_url,type,url
0,https://avatars1.githubusercontent.com/u/1002504?v=4,https://api.github.com/users/abergeron/events{/privacy},https://api.github.com/users/abergeron/followers,https://api.github.com/users/abergeron/following{/other_user},https://api.github.com/users/abergeron/gists{/gist_id},,https://github.com/abergeron,1002504,abergeron,https://api.github.com/users/abergeron/orgs,https://api.github.com/users/abergeron/received_events,https://api.github.com/users/abergeron/repos,False,https://api.github.com/users/abergeron/starred{/owner}{/repo},https://api.github.com/users/abergeron/subscriptions,User,https://api.github.com/users/abergeron
1,https://avatars0.githubusercontent.com/u/507137?v=4,https://api.github.com/users/delallea/events{/privacy},https://api.github.com/users/delallea/followers,https://api.github.com/users/delallea/following{/other_user},https://api.github.com/users/delallea/gists{/gist_id},,https://github.com/delallea,507137,delallea,https://api.github.com/users/delallea/orgs,https://api.github.com/users/delallea/received_events,https://api.github.com/users/delallea/repos,False,https://api.github.com/users/delallea/starred{/owner}{/repo},https://api.github.com/users/delallea/subscriptions,User,https://api.github.com/users/delallea
2,https://avatars1.githubusercontent.com/u/60206?v=4,https://api.github.com/users/dwf/events{/privacy},https://api.github.com/users/dwf/followers,https://api.github.com/users/dwf/following{/other_user},https://api.github.com/users/dwf/gists{/gist_id},,https://github.com/dwf,60206,dwf,https://api.github.com/users/dwf/orgs,https://api.github.com/users/dwf/received_events,https://api.github.com/users/dwf/repos,False,https://api.github.com/users/dwf/starred{/owner}{/repo},https://api.github.com/users/dwf/subscriptions,User,https://api.github.com/users/dwf
3,https://avatars0.githubusercontent.com/u/4639261?v=4,https://api.github.com/users/fvisin/events{/privacy},https://api.github.com/users/fvisin/followers,https://api.github.com/users/fvisin/following{/other_user},https://api.github.com/users/fvisin/gists{/gist_id},,https://github.com/fvisin,4639261,fvisin,https://api.github.com/users/fvisin/orgs,https://api.github.com/users/fvisin/received_events,https://api.github.com/users/fvisin/repos,False,https://api.github.com/users/fvisin/starred{/owner}{/repo},https://api.github.com/users/fvisin/subscriptions,User,https://api.github.com/users/fvisin
4,https://avatars3.githubusercontent.com/u/387866?v=4,https://api.github.com/users/goodfeli/events{/privacy},https://api.github.com/users/goodfeli/followers,https://api.github.com/users/goodfeli/following{/other_user},https://api.github.com/users/goodfeli/gists{/gist_id},,https://github.com/goodfeli,387866,goodfeli,https://api.github.com/users/goodfeli/orgs,https://api.github.com/users/goodfeli/received_events,https://api.github.com/users/goodfeli/repos,False,https://api.github.com/users/goodfeli/starred{/owner}{/repo},https://api.github.com/users/goodfeli/subscriptions,User,https://api.github.com/users/goodfeli
5,https://avatars3.githubusercontent.com/u/171276?v=4,https://api.github.com/users/jaberg/events{/privacy},https://api.github.com/users/jaberg/followers,https://api.github.com/users/jaberg/following{/other_user},https://api.github.com/users/jaberg/gists{/gist_id},,https://github.com/jaberg,171276,jaberg,https://api.github.com/users/jaberg/orgs,https://api.github.com/users/jaberg/received_events,https://api.github.com/users/jaberg/repos,False,https://api.github.com/users/jaberg/starred{/owner}{/repo},https://api.github.com/users/jaberg/subscriptions,User,https://api.github.com/users/jaberg
6,https://avatars3.githubusercontent.com/u/178249?v=4,https://api.github.com/users/lamblin/events{/privacy},https://api.github.com/users/lamblin/followers,https://api.github.com/users/lamblin/following{/other_user},https://api.github.com/users/lamblin/gists{/gist_id},,https://github.com/lamblin,178249,lamblin,https://api.github.com/users/lamblin/orgs,https://api.github.com/users/lamblin/received_events,https://api.github.com/users/lamblin/repos,False,https://api.github.com/users/lamblin/starred{/owner}{/repo},https://api.github.com/users/lamblin/subscriptions,User,https://api.github.com/users/lamblin
7,https://avatars3.githubusercontent.com/u/180987?v=4,https://api.github.com/users/nouiz/events{/privacy},https://api.github.com/users/nouiz/followers,https://api.github.com/users/nouiz/following{/other_user},https://api.github.com/users/nouiz/gists{/gist_id},,https://github.com/nouiz,180987,nouiz,https://api.github.com/users/nouiz/orgs,https://api.github.com/users/nouiz/received_events,https://api.github.com/users/nouiz/repos,False,https://api.github.com/users/nouiz/starred{/owner}{/repo},https://api.github.com/users/nouiz/subscriptions,User,https://api.github.com/users/nouiz
8,https://avatars1.githubusercontent.com/u/178095?v=4,https://api.github.com/users/pascanur/events{/privacy},https://api.github.com/users/pascanur/followers,https://api.github.com/users/pascanur/following{/other_user},https://api.github.com/users/pascanur/gists{/gist_id},,https://github.com/pascanur,178095,pascanur,https://api.github.com/users/pascanur/orgs,https://api.github.com/users/pascanur/received_events,https://api.github.com/users/pascanur/repos,False,https://api.github.com/users/pascanur/starred{/owner}{/repo},https://api.github.com/users/pascanur/subscriptions,User,https://api.github.com/users/pascanur
9,https://avatars0.githubusercontent.com/u/11895018?v=4,https://api.github.com/users/ReyhaneAskari/events{/privacy},https://api.github.com/users/ReyhaneAskari/followers,https://api.github.com/users/ReyhaneAskari/following{/other_user},https://api.github.com/users/ReyhaneAskari/gists{/gist_id},,https://github.com/ReyhaneAskari,11895018,ReyhaneAskari,https://api.github.com/users/ReyhaneAskari/orgs,https://api.github.com/users/ReyhaneAskari/received_events,https://api.github.com/users/ReyhaneAskari/repos,False,https://api.github.com/users/ReyhaneAskari/starred{/owner}{/repo},https://api.github.com/users/ReyhaneAskari/subscriptions,User,https://api.github.com/users/ReyhaneAskari
